{"cameraMode":{"drawMode":0,"name":"Shaded","section":"Shading Mode"},"sceneLighting":true,"audioPlay":false,"sceneViewState":{"m_AlwaysRefresh":false,"showFog":true,"showSkybox":true,"showFlares":true,"showImageEffects":true,"showParticleSystems":true,"showVisualEffectGraphs":true,"m_FxEnabled":true},"in2DMode":false,"pivot":{"x":18.53183937072754,"y":97.99969482421875,"z":1.546568751335144},"rotation":{"x":-0.7140096426010132,"y":0.009868825785815716,"z":-0.010066146031022072,"w":-0.6999937295913696},"size":0.6495217680931091,"orthographic":false}