{"cameraMode":{"drawMode":0,"name":"Shaded","section":"Shading Mode"},"sceneLighting":true,"audioPlay":false,"sceneViewState":{"m_AlwaysRefresh":false,"showFog":true,"showSkybox":true,"showFlares":true,"showImageEffects":true,"showParticleSystems":true,"showVisualEffectGraphs":true,"m_FxEnabled":true},"in2DMode":false,"pivot":{"x":-0.15597054362297059,"y":13.29841136932373,"z":2.8580121994018556},"rotation":{"x":0.0012134094722568989,"y":0.7395901083946228,"z":-0.6730237007141113,"w":0.0013317848788574339},"size":4.038873672485352,"orthographic":false}