{"cameraMode":{"drawMode":0,"name":"Shaded","section":"Shading Mode"},"sceneLighting":true,"audioPlay":false,"sceneViewState":{"m_AlwaysRefresh":false,"showFog":true,"showSkybox":true,"showFlares":true,"showImageEffects":true,"showParticleSystems":true,"showVisualEffectGraphs":true,"m_FxEnabled":true},"in2DMode":false,"pivot":{"x":-1.8490945100784302,"y":-0.057802584022283557,"z":3.026148557662964},"rotation":{"x":-0.2811254858970642,"y":-0.04546940326690674,"z":0.013328379951417447,"w":-0.9584485292434692},"size":3.9900498390197756,"orthographic":false}