{"cameraMode":{"drawMode":0,"name":"Shaded","section":"Shading Mode"},"sceneLighting":true,"audioPlay":false,"sceneViewState":{"m_AlwaysRefresh":false,"showFog":true,"showSkybox":true,"showFlares":true,"showImageEffects":true,"showParticleSystems":true,"showVisualEffectGraphs":true,"m_FxEnabled":true},"in2DMode":false,"pivot":{"x":-0.4061070680618286,"y":7.923335075378418,"z":-5.417462348937988},"rotation":{"x":-0.36371368169784548,"y":0.015926431864500047,"z":-0.006218683905899525,"w":-0.9313483238220215},"size":11.44825267791748,"orthographic":false}