{"cameraMode":{"drawMode":0,"name":"Shaded","section":"Shading Mode"},"sceneLighting":true,"audioPlay":false,"sceneViewState":{"m_AlwaysRefresh":false,"showFog":true,"showSkybox":true,"showFlares":true,"showImageEffects":true,"showParticleSystems":true,"showVisualEffectGraphs":true,"m_FxEnabled":true},"in2DMode":false,"pivot":{"x":0.6964850425720215,"y":-3.469111680984497,"z":3.7148873805999758},"rotation":{"x":0.3056560754776001,"y":0.03140353783965111,"z":-0.010099092498421669,"w":0.9515462517738342},"size":12.12435531616211,"orthographic":false}