{"cameraMode":{"drawMode":0,"name":"Shaded","section":"Shading Mode"},"sceneLighting":false,"audioPlay":false,"sceneViewState":{"m_AlwaysRefresh":false,"showFog":true,"showSkybox":false,"showFlares":true,"showImageEffects":true,"showParticleSystems":true,"showVisualEffectGraphs":true,"m_FxEnabled":true},"in2DMode":false,"pivot":{"x":14.730874061584473,"y":2.5797276496887209,"z":22.110645294189454},"rotation":{"x":-0.038367655128240588,"y":-0.7692583203315735,"z":0.04648314043879509,"w":-0.6360566020011902},"size":6.308785438537598,"orthographic":false}